Place,Latitude,Longitude
Tokyo,35.6821936,139.762221
Delhi,28.6273928,77.1716954
Shanghai,31.2312707,121.4700152
São Paulo,-1.2043218,-47.1583944
Mumbai (Bombay),19.08157715,72.88662753964906
Ciudad de México (Mexico City),19.3997047,-99.1248161
Beijing,39.9057136,116.3912972
Al-Qahirah (Cairo),30.0443879,31.2357257
New York-Newark,43.0467301,-77.0952516
Dhaka,23.7644025,90.389015
Karachi,24.8546842,67.0207055
Buenos Aires,-34.6037181,-58.38153
Kolkata (Calcutta),22.6012775,88.3841474
Istanbul,41.0766019,29.052495
